{
  "0": [
    0.04949087562768775
  ]
}{
  "1": [
    0.9502403444767942
  ]
}{
  "2": [
    0.9502525640572013
  ]
}{
  "3": [
    0.05701572518723778
  ]
}